Project Name,Hours,Amount,Date
4368A Lohman Technologies : AfibAlert 2.0,0.25,48.75,3/18/2024
4368A Lohman Technologies : AfibAlert 2.0,1.25,243.75,3/20/2024
4368A Lohman Technologies : AfibAlert 2.0,0.5,90,3/11/2024
4368A Lohman Technologies : AfibAlert 2.0,0.5,90,3/21/2024
4368A Lohman Technologies : AfibAlert 2.0,1,175,3/14/2024
4448 Lohman Technologies : Lohman Cloud Infrastructure,0.5,107.5,9/6/2024
4448 Lohman Technologies : Lohman Cloud Infrastructure,1.5,322.5,8/30/2024
4448 Lohman Technologies : Lohman Cloud Infrastructure,2.25,483.75,8/6/2024
4448 Lohman Technologies : Lohman Cloud Infrastructure,1.5,322.5,8/20/2024
4448 Lohman Technologies : Lohman Cloud Infrastructure,0.25,50,5/3/2024
4448 Lohman Technologies : Lohman Cloud Infrastructure,0.5,90,2/1/2024
4448 Lohman Technologies : Lohman Cloud Infrastructure,1,175,2/23/2024
4448 Lohman Technologies : Lohman Cloud Infrastructure,2.5,537.5,10/2/2024
4448 Lohman Technologies : Lohman Cloud Infrastructure,0.5,107.5,9/26/2024
4448 Lohman Technologies : Lohman Cloud Infrastructure,1,215,8/27/2024
4448 Lohman Technologies : Lohman Cloud Infrastructure,1,215,6/3/2024
4448 Lohman Technologies : Lohman Cloud Infrastructure,1,185,2/20/2024
4448 Lohman Technologies : Lohman Cloud Infrastructure,0.25,43.75,2/29/2024
4448 Lohman Technologies : Lohman Cloud Infrastructure,1,175,3/5/2024
4448 Lohman Technologies : Lohman Cloud Infrastructure,1,187.5,3/8/2024
4448 Lohman Technologies : Lohman Cloud Infrastructure,1,190,7/30/2024
4448 Lohman Technologies : Lohman Cloud Infrastructure,0.75,161.25,10/14/2024
4448 Lohman Technologies : Lohman Cloud Infrastructure,0.75,142.5,11/25/2024
4448 Lohman Technologies : Lohman Cloud Infrastructure,1.25,268.75,5/14/2024
4448 Lohman Technologies : Lohman Cloud Infrastructure,0.75,146.25,2/2/2024
4448 Lohman Technologies : Lohman Cloud Infrastructure,0.5,87.5,2/6/2024
4448 Lohman Technologies : Lohman Cloud Infrastructure,0.25,43.75,1/16/2024
4448 Lohman Technologies : Lohman Cloud Infrastructure,0.75,146.25,2/13/2024
4448 Lohman Technologies : Lohman Cloud Infrastructure,1,175,1/11/2024
4448 Lohman Technologies : Lohman Cloud Infrastructure,0.25,43.75,4/9/2024
4448 Lohman Technologies : Lohman Cloud Infrastructure,0.5,100,12/2/2024
4448 Lohman Technologies : Lohman Cloud Infrastructure,2,430,11/29/2024
4448 Lohman Technologies : Lohman Cloud Infrastructure,3.5,752.5,10/23/2024
4448 Lohman Technologies : Lohman Cloud Infrastructure,1.5,322.5,10/24/2024
4448 Lohman Technologies : Lohman Cloud Infrastructure,0.5,100,12/13/2024
4448 Lohman Technologies : Lohman Cloud Infrastructure,2,430,9/3/2024
4448 Lohman Technologies : Lohman Cloud Infrastructure,3,645,8/19/2024
4448 Lohman Technologies : Lohman Cloud Infrastructure,0.25,47.5,5/30/2024
4448 Lohman Technologies : Lohman Cloud Infrastructure,2,370,3/19/2024
4448 Lohman Technologies : Lohman Cloud Infrastructure,0.25,43.75,1/30/2024
4448 Lohman Technologies : Lohman Cloud Infrastructure,1.5,285,6/14/2024
4448 Lohman Technologies : Lohman Cloud Infrastructure,2.75,591.25,11/22/2024
4448 Lohman Technologies : Lohman Cloud Infrastructure,0.25,53.75,9/18/2024
4448 Lohman Technologies : Lohman Cloud Infrastructure,1,200,12/11/2024
4448 Lohman Technologies : Lohman Cloud Infrastructure,0.75,142.5,12/30/2024
4448 Lohman Technologies : Lohman Cloud Infrastructure,1,215,11/4/2024
4448 Lohman Technologies : Lohman Cloud Infrastructure,1,185,2/7/2024
4448 Lohman Technologies : Lohman Cloud Infrastructure,0.25,47.5,6/13/2024
4448 Lohman Technologies : Lohman Cloud Infrastructure,0.5,95,8/2/2024
4448 Lohman Technologies : Lohman Cloud Infrastructure,0.25,47.5,7/24/2024
4448 Lohman Technologies : Lohman Cloud Infrastructure,1,215,9/30/2024
4448 Lohman Technologies : Lohman Cloud Infrastructure,1,215,10/25/2024
4448 Lohman Technologies : Lohman Cloud Infrastructure,3,645,11/20/2024
4448 Lohman Technologies : Lohman Cloud Infrastructure,0.5,107.5,9/17/2024
4448 Lohman Technologies : Lohman Cloud Infrastructure,0.5,100,12/12/2024
4448 Lohman Technologies : Lohman Cloud Infrastructure,2,430,8/26/2024
4448 Lohman Technologies : Lohman Cloud Infrastructure,0.75,142.5,6/20/2024
4448 Lohman Technologies : Lohman Cloud Infrastructure,0.75,146.25,4/2/2024
4448 Lohman Technologies : Lohman Cloud Infrastructure,0.5,97.5,2/16/2024
4448 Lohman Technologies : Lohman Cloud Infrastructure,0.25,47.5,7/25/2024
4448 Lohman Technologies : Lohman Cloud Infrastructure,3,645,9/27/2024
4448 Lohman Technologies : Lohman Cloud Infrastructure,2.5,537.5,12/16/2024
4448 Lohman Technologies : Lohman Cloud Infrastructure,0.5,107.5,12/18/2024
4448 Lohman Technologies : Lohman Cloud Infrastructure,2,430,8/29/2024
4448 Lohman Technologies : Lohman Cloud Infrastructure,0.25,47.5,6/17/2024
4448 Lohman Technologies : Lohman Cloud Infrastructure,0.5,87.5,1/2/2024
4448 Lohman Technologies : Lohman Cloud Infrastructure,0.5,97.5,1/4/2024
4448 Lohman Technologies : Lohman Cloud Infrastructure,0.5,97.5,3/26/2024
4448 Lohman Technologies : Lohman Cloud Infrastructure,0.5,87.5,3/12/2024
4448 Lohman Technologies : Lohman Cloud Infrastructure,1.25,268.75,11/21/2024
4448 Lohman Technologies : Lohman Cloud Infrastructure,1.5,285,1/2/2025
4448 Lohman Technologies : Lohman Cloud Infrastructure,1.25,268.75,5/7/2024
4448 Lohman Technologies : Lohman Cloud Infrastructure,2.75,550,4/30/2024
4448 Lohman Technologies : Lohman Cloud Infrastructure,0.5,107.5,5/29/2024
4448 Lohman Technologies : Lohman Cloud Infrastructure,0.75,131.25,1/9/2024
4448 Lohman Technologies : Lohman Cloud Infrastructure,1,175,3/11/2024
4448 Lohman Technologies : Lohman Cloud Infrastructure,1,215,10/1/2024
4448 Lohman Technologies : Lohman Cloud Infrastructure,1.5,315,12/17/2024
4721 Enovation Controls : Kessel Design and Development,0.5,97.5,2/12/2024
4735 Enovation Controls : Azure OTA Management Update,0.25,48.75,1/11/2024
4735 Enovation Controls : Azure OTA Management Update,1.25,243.75,1/2/2024
4735 Enovation Controls : Azure OTA Management Update,4,780,1/8/2024
4735 Enovation Controls : Azure OTA Management Update,1,195,1/6/2024
4735 Enovation Controls : Azure OTA Management Update,0.25,48.75,1/12/2024
4735 Enovation Controls : Azure OTA Management Update,1.5,292.5,1/7/2024
4735 Enovation Controls : Azure OTA Management Update,1.25,243.75,1/3/2024
4754 Alto Shaam : MFA in ChefLinc,5.5,1072.5,1/30/2024
4754 Alto Shaam : MFA in ChefLinc,5.75,1121.25,1/11/2024
4754 Alto Shaam : MFA in ChefLinc,5.75,1121.25,1/3/2024
4754 Alto Shaam : MFA in ChefLinc,3.5,682.5,1/23/2024
4754 Alto Shaam : MFA in ChefLinc,4.5,877.5,1/12/2024
4754 Alto Shaam : MFA in ChefLinc,5,975,1/10/2024
4754 Alto Shaam : MFA in ChefLinc,7.5,1462.5,1/15/2024
4754 Alto Shaam : MFA in ChefLinc,5.5,1072.5,1/4/2024
4754 Alto Shaam : MFA in ChefLinc,4.25,825,1/2/2024
4754 Alto Shaam : MFA in ChefLinc,2,390,1/29/2024
4754 Alto Shaam : MFA in ChefLinc,2.5,487.5,1/24/2024
4754 Alto Shaam : MFA in ChefLinc,4.5,877.5,1/5/2024
4754 Alto Shaam : MFA in ChefLinc,3.75,731.25,1/9/2024
4754 Alto Shaam : MFA in ChefLinc,5,975,1/22/2024
4754 Alto Shaam : MFA in ChefLinc,4.5,862.5,1/19/2024
4766 Alto Shaam : ChefLinc Break/Fix Production Support - 2024,1,202.5,8/19/2024
4766 Alto Shaam : ChefLinc Break/Fix Production Support - 2024,0.75,131.25,4/17/2024
4766 Alto Shaam : ChefLinc Break/Fix Production Support - 2024,2,390,1/2/2024
4766 Alto Shaam : ChefLinc Break/Fix Production Support - 2024,4.75,926.25,1/17/2024
4766 Alto Shaam : ChefLinc Break/Fix Production Support - 2024,5.25,1023.75,3/20/2024
4766 Alto Shaam : ChefLinc Break/Fix Production Support - 2024,0.75,131.25,4/11/2024
4766 Alto Shaam : ChefLinc Break/Fix Production Support - 2024,0.5,107.5,7/23/2024
4766 Alto Shaam : ChefLinc Break/Fix Production Support - 2024,0.5,107.5,9/11/2024
4766 Alto Shaam : ChefLinc Break/Fix Production Support - 2024,3.5,752.5,12/9/2024
4766 Alto Shaam : ChefLinc Break/Fix Production Support - 2024,1,215,12/12/2024
4766 Alto Shaam : ChefLinc Break/Fix Production Support - 2024,3,645,12/13/2024
4766 Alto Shaam : ChefLinc Break/Fix Production Support - 2024,1,215,12/5/2024
4766 Alto Shaam : ChefLinc Break/Fix Production Support - 2024,4,860,11/13/2024
4766 Alto Shaam : ChefLinc Break/Fix Production Support - 2024,1,215,11/4/2024
4766 Alto Shaam : ChefLinc Break/Fix Production Support - 2024,1.5,322.5,8/26/2024
4766 Alto Shaam : ChefLinc Break/Fix Production Support - 2024,3,645,8/15/2024
4766 Alto Shaam : ChefLinc Break/Fix Production Support - 2024,3.75,806.25,8/16/2024
4766 Alto Shaam : ChefLinc Break/Fix Production Support - 2024,1,195,1/15/2024
4766 Alto Shaam : ChefLinc Break/Fix Production Support - 2024,1.5,292.5,2/12/2024
4766 Alto Shaam : ChefLinc Break/Fix Production Support - 2024,1,195,2/6/2024
4766 Alto Shaam : ChefLinc Break/Fix Production Support - 2024,1,195,2/5/2024
4766 Alto Shaam : ChefLinc Break/Fix Production Support - 2024,0.5,97.5,3/6/2024
4766 Alto Shaam : ChefLinc Break/Fix Production Support - 2024,0.5,97.5,1/30/2024
4766 Alto Shaam : ChefLinc Break/Fix Production Support - 2024,1,195,1/11/2024
4766 Alto Shaam : ChefLinc Break/Fix Production Support - 2024,1.75,376.25,10/9/2024
4766 Alto Shaam : ChefLinc Break/Fix Production Support - 2024,0.5,107.5,10/18/2024
4766 Alto Shaam : ChefLinc Break/Fix Production Support - 2024,3.25,698.75,11/21/2024
4766 Alto Shaam : ChefLinc Break/Fix Production Support - 2024,1.25,168.75,9/27/2024
4766 Alto Shaam : ChefLinc Break/Fix Production Support - 2024,1.25,268.75,9/19/2024
4766 Alto Shaam : ChefLinc Break/Fix Production Support - 2024,0.5,107.5,12/18/2024
4766 Alto Shaam : ChefLinc Break/Fix Production Support - 2024,0.5,107.5,6/7/2024
4766 Alto Shaam : ChefLinc Break/Fix Production Support - 2024,0.5,107.5,5/22/2024
4766 Alto Shaam : ChefLinc Break/Fix Production Support - 2024,0.25,53.75,6/21/2024
4766 Alto Shaam : ChefLinc Break/Fix Production Support - 2024,1,195,2/21/2024
4766 Alto Shaam : ChefLinc Break/Fix Production Support - 2024,6.5,1397.5,9/25/2024
4766 Alto Shaam : ChefLinc Break/Fix Production Support - 2024,0.5,107.5,12/11/2024
4766 Alto Shaam : ChefLinc Break/Fix Production Support - 2024,0.75,161.25,12/19/2024
4766 Alto Shaam : ChefLinc Break/Fix Production Support - 2024,1,215,8/28/2024
4766 Alto Shaam : ChefLinc Break/Fix Production Support - 2024,1,215,5/9/2024
4766 Alto Shaam : ChefLinc Break/Fix Production Support - 2024,2.5,487.5,4/15/2024
4766 Alto Shaam : ChefLinc Break/Fix Production Support - 2024,0.5,95,5/31/2024
4766 Alto Shaam : ChefLinc Break/Fix Production Support - 2024,1.5,322.5,5/21/2024
4766 Alto Shaam : ChefLinc Break/Fix Production Support - 2024,3,585,1/5/2024
4766 Alto Shaam : ChefLinc Break/Fix Production Support - 2024,1.5,292.5,2/15/2024
4766 Alto Shaam : ChefLinc Break/Fix Production Support - 2024,7,1365,3/25/2024
4766 Alto Shaam : ChefLinc Break/Fix Production Support - 2024,3,585,3/15/2024
4766 Alto Shaam : ChefLinc Break/Fix Production Support - 2024,6,1170,3/13/2024
4766 Alto Shaam : ChefLinc Break/Fix Production Support - 2024,1,195,3/29/2024
4766 Alto Shaam : ChefLinc Break/Fix Production Support - 2024,1,215,10/1/2024
4766 Alto Shaam : ChefLinc Break/Fix Production Support - 2024,1.5,322.5,10/31/2024
4766 Alto Shaam : ChefLinc Break/Fix Production Support - 2024,1.5,322.5,11/5/2024
4766 Alto Shaam : ChefLinc Break/Fix Production Support - 2024,1.75,236.25,8/6/2024
4766 Alto Shaam : ChefLinc Break/Fix Production Support - 2024,1.5,322.5,6/24/2024
4766 Alto Shaam : ChefLinc Break/Fix Production Support - 2024,1.25,243.75,2/22/2024
4766 Alto Shaam : ChefLinc Break/Fix Production Support - 2024,7.25,1413.75,1/16/2024
4766 Alto Shaam : ChefLinc Break/Fix Production Support - 2024,2.5,487.5,3/22/2024
4766 Alto Shaam : ChefLinc Break/Fix Production Support - 2024,1,195,1/9/2024
4766 Alto Shaam : ChefLinc Break/Fix Production Support - 2024,0.75,142.5,6/17/2024
4766 Alto Shaam : ChefLinc Break/Fix Production Support - 2024,2.75,591.25,11/1/2024
4766 Alto Shaam : ChefLinc Break/Fix Production Support - 2024,2,430,11/25/2024
4766 Alto Shaam : ChefLinc Break/Fix Production Support - 2024,0.5,107.5,10/21/2024
4766 Alto Shaam : ChefLinc Break/Fix Production Support - 2024,2,430,6/4/2024
4766 Alto Shaam : ChefLinc Break/Fix Production Support - 2024,2,430,5/20/2024
4766 Alto Shaam : ChefLinc Break/Fix Production Support - 2024,1,195,2/14/2024
4766 Alto Shaam : ChefLinc Break/Fix Production Support - 2024,0.5,107.5,10/15/2024
4766 Alto Shaam : ChefLinc Break/Fix Production Support - 2024,3.5,752.5,11/20/2024
4766 Alto Shaam : ChefLinc Break/Fix Production Support - 2024,1.25,268.75,11/22/2024
4766 Alto Shaam : ChefLinc Break/Fix Production Support - 2024,4,860,11/11/2024
4766 Alto Shaam : ChefLinc Break/Fix Production Support - 2024,4.75,1021.25,12/16/2024
4766 Alto Shaam : ChefLinc Break/Fix Production Support - 2024,0.5,97.5,1/4/2024
4766 Alto Shaam : ChefLinc Break/Fix Production Support - 2024,0.5,97.5,2/9/2024
4766 Alto Shaam : ChefLinc Break/Fix Production Support - 2024,0.75,146.25,1/31/2024
4766 Alto Shaam : ChefLinc Break/Fix Production Support - 2024,3.25,623.75,3/19/2024
4766 Alto Shaam : ChefLinc Break/Fix Production Support - 2024,3,585,4/1/2024
4766 Alto Shaam : ChefLinc Break/Fix Production Support - 2024,6.75,1296.25,3/26/2024
4766 Alto Shaam : ChefLinc Break/Fix Production Support - 2024,0.5,97.5,3/11/2024
4766 Alto Shaam : ChefLinc Break/Fix Production Support - 2024,1,195,3/27/2024
4766 Alto Shaam : ChefLinc Break/Fix Production Support - 2024,6,1170,3/28/2024
4766 Alto Shaam : ChefLinc Break/Fix Production Support - 2024,0.75,161.25,10/16/2024
4766 Alto Shaam : ChefLinc Break/Fix Production Support - 2024,1.5,322.5,12/10/2024
4766 Alto Shaam : ChefLinc Break/Fix Production Support - 2024,1.5,322.5,10/22/2024
4766 Alto Shaam : ChefLinc Break/Fix Production Support - 2024,3.5,752.5,8/14/2024
4766 Alto Shaam : ChefLinc Break/Fix Production Support - 2024,0.75,161.25,5/2/2024
4766 Alto Shaam : ChefLinc Break/Fix Production Support - 2024,0.5,107.5,5/3/2024
4766 Alto Shaam : ChefLinc Break/Fix Production Support - 2024,0.5,107.5,6/20/2024
4766 Alto Shaam : ChefLinc Break/Fix Production Support - 2024,5,975,1/8/2024
4766 Alto Shaam : ChefLinc Break/Fix Production Support - 2024,0.5,97.5,1/23/2024
4766 Alto Shaam : ChefLinc Break/Fix Production Support - 2024,3.5,682.5,3/21/2024
4766 Alto Shaam : ChefLinc Break/Fix Production Support - 2024,0.5,97.5,1/29/2024
4766 Alto Shaam : ChefLinc Break/Fix Production Support - 2024,5.5,1072.5,4/9/2024
4766 Alto Shaam : ChefLinc Break/Fix Production Support - 2024,3,585,4/10/2024
4766 Alto Shaam : ChefLinc Break/Fix Production Support - 2024,0.5,97.5,3/12/2024
4766 Alto Shaam : ChefLinc Break/Fix Production Support - 2024,0.25,53.75,7/26/2024
4766 Alto Shaam : ChefLinc Break/Fix Production Support - 2024,0.5,107.5,10/7/2024
4766 Alto Shaam : ChefLinc Break/Fix Production Support - 2024,2.5,537.5,11/26/2024
4766 Alto Shaam : ChefLinc Break/Fix Production Support - 2024,1.75,376.25,9/4/2024
4770 Western Products : Production Readiness Support,1.75,332.5,5/22/2024
4770 Western Products : Production Readiness Support,2.5,537.5,5/23/2024
4770 Western Products : Production Readiness Support,0.5,107.5,5/24/2024
4770 Western Products : Production Readiness Support,0.5,97.5,1/10/2024
4774 Alto Shaam : Self Serve Oven Firmware,4.5,877.5,2/6/2024
4774 Alto Shaam : Self Serve Oven Firmware,5.5,1068.75,2/7/2024
4774 Alto Shaam : Self Serve Oven Firmware,4,780,2/1/2024
4774 Alto Shaam : Self Serve Oven Firmware,4,780,2/26/2024
4774 Alto Shaam : Self Serve Oven Firmware,2.75,532.5,3/19/2024
4774 Alto Shaam : Self Serve Oven Firmware,0.25,45,1/30/2024
4774 Alto Shaam : Self Serve Oven Firmware,6,1170,4/5/2024
4774 Alto Shaam : Self Serve Oven Firmware,6.25,1215,2/13/2024
4774 Alto Shaam : Self Serve Oven Firmware,0.25,45,3/14/2024
4774 Alto Shaam : Self Serve Oven Firmware,6,1170,4/24/2024
4774 Alto Shaam : Self Serve Oven Firmware,3,585,2/5/2024
4774 Alto Shaam : Self Serve Oven Firmware,5.75,1121.25,2/19/2024
4774 Alto Shaam : Self Serve Oven Firmware,8,1560,2/28/2024
4774 Alto Shaam : Self Serve Oven Firmware,6.75,1312.5,3/5/2024
4774 Alto Shaam : Self Serve Oven Firmware,0.5,90,3/21/2024
4774 Alto Shaam : Self Serve Oven Firmware,7,1361.25,4/18/2024
4774 Alto Shaam : Self Serve Oven Firmware,0.25,45,3/26/2024
4774 Alto Shaam : Self Serve Oven Firmware,8,1560,4/19/2024
4774 Alto Shaam : Self Serve Oven Firmware,0.5,90,1/5/2024
4774 Alto Shaam : Self Serve Oven Firmware,6.75,1312.5,2/8/2024
4774 Alto Shaam : Self Serve Oven Firmware,4.5,873.75,1/18/2024
4774 Alto Shaam : Self Serve Oven Firmware,7,1350,2/21/2024
4774 Alto Shaam : Self Serve Oven Firmware,5.25,1020,2/22/2024
4774 Alto Shaam : Self Serve Oven Firmware,6.75,1316.25,2/23/2024
4774 Alto Shaam : Self Serve Oven Firmware,5.5,1072.5,3/6/2024
4774 Alto Shaam : Self Serve Oven Firmware,4.5,877.5,2/15/2024
4774 Alto Shaam : Self Serve Oven Firmware,2.5,487.5,1/10/2024
4774 Alto Shaam : Self Serve Oven Firmware,4.25,823.75,4/17/2024
4774 Alto Shaam : Self Serve Oven Firmware,2,390,1/19/2024
4774 Alto Shaam : Self Serve Oven Firmware,8,1556.25,2/27/2024
4774 Alto Shaam : Self Serve Oven Firmware,6.75,1121.25,3/4/2024
4774 Alto Shaam : Self Serve Oven Firmware,0.5,90,1/16/2024
4774 Alto Shaam : Self Serve Oven Firmware,5.75,1121.25,3/7/2024
4774 Alto Shaam : Self Serve Oven Firmware,5.5,1057.5,4/3/2024
4774 Alto Shaam : Self Serve Oven Firmware,0.25,45,3/12/2024
4774 Alto Shaam : Self Serve Oven Firmware,5.25,996.25,4/15/2024
4774 Alto Shaam : Self Serve Oven Firmware,6.25,1218.75,4/25/2024
4774 Alto Shaam : Self Serve Oven Firmware,2,390,1/29/2024
4774 Alto Shaam : Self Serve Oven Firmware,7,1365,2/16/2024
4774 Alto Shaam : Self Serve Oven Firmware,1.5,292.5,1/12/2024
4774 Alto Shaam : Self Serve Oven Firmware,4.75,926.25,4/22/2024
4774 Alto Shaam : Self Serve Oven Firmware,1,175,1/3/2024
4774 Alto Shaam : Self Serve Oven Firmware,6,1170,2/9/2024
4774 Alto Shaam : Self Serve Oven Firmware,7.25,1400,2/29/2024
4774 Alto Shaam : Self Serve Oven Firmware,7,1357.5,2/20/2024
4774 Alto Shaam : Self Serve Oven Firmware,5,975,3/1/2024
4774 Alto Shaam : Self Serve Oven Firmware,7,1365,4/4/2024
4774 Alto Shaam : Self Serve Oven Firmware,6,1170,2/14/2024
4774 Alto Shaam : Self Serve Oven Firmware,4.25,828.75,3/11/2024
4774 Alto Shaam : Self Serve Oven Firmware,7.25,1410,4/16/2024
4774 Alto Shaam : Self Serve Oven Firmware,4,780,4/20/2024
4774 Alto Shaam : Self Serve Oven Firmware,2.75,536.25,1/31/2024
4774 Alto Shaam : Self Serve Oven Firmware,6,1051.25,3/8/2024
4774 Alto Shaam : Self Serve Oven Firmware,5,967.5,2/2/2024
4774 Alto Shaam : Self Serve Oven Firmware,5,975,2/12/2024
4774 Alto Shaam : Self Serve Oven Firmware,2.5,483.75,4/2/2024
4774 Alto Shaam : Self Serve Oven Firmware,5.75,1117.5,4/23/2024
4774 Alto Shaam : Self Serve Oven Firmware,2,380,4/26/2024
4800 Enovation Controls : Map Tile Update Support,0.5,90,3/11/2024
4806 Alto Shaam : ChefLinc for Service,4,780,3/22/2024
4806 Alto Shaam : ChefLinc for Service,6.75,1316.25,3/12/2024
4806 Alto Shaam : ChefLinc for Service,3.5,682.5,3/15/2024
4806 Alto Shaam : ChefLinc for Service,6,1170,3/18/2024
4806 Alto Shaam : ChefLinc for Service,6.75,1316.25,3/14/2024
4806 Alto Shaam : ChefLinc for Service,3,585,4/10/2024
4806 Alto Shaam : ChefLinc for Service,7.5,1462.5,4/12/2024
4806 Alto Shaam : ChefLinc for Service,7.25,1413.75,4/11/2024
4806 Alto Shaam : ChefLinc for Service,3.25,633.75,4/9/2024
4806 Alto Shaam : ChefLinc for Service,3.5,682.5,3/21/2024
4806 Alto Shaam : ChefLinc for Service,6.25,1218.75,4/8/2024
4818 Alto Shaam : Merger Driven ChefLinc Changes,6.25,1343.75,5/10/2024
4818 Alto Shaam : Merger Driven ChefLinc Changes,6,1286.25,6/4/2024
4818 Alto Shaam : Merger Driven ChefLinc Changes,5.5,1182.5,5/23/2024
4818 Alto Shaam : Merger Driven ChefLinc Changes,5.75,1236.25,6/17/2024
4818 Alto Shaam : Merger Driven ChefLinc Changes,2.25,467.5,7/9/2024
4818 Alto Shaam : Merger Driven ChefLinc Changes,3.5,748.75,7/11/2024
4818 Alto Shaam : Merger Driven ChefLinc Changes,5.5,1171.25,5/9/2024
4818 Alto Shaam : Merger Driven ChefLinc Changes,5.5,1178.75,6/6/2024
4818 Alto Shaam : Merger Driven ChefLinc Changes,3.5,752.5,6/21/2024
4818 Alto Shaam : Merger Driven ChefLinc Changes,4.25,910,7/2/2024
4818 Alto Shaam : Merger Driven ChefLinc Changes,4,856.25,6/11/2024
4818 Alto Shaam : Merger Driven ChefLinc Changes,4,860,7/8/2024
4818 Alto Shaam : Merger Driven ChefLinc Changes,8,1720,5/28/2024
4818 Alto Shaam : Merger Driven ChefLinc Changes,3.5,752.5,7/1/2024
4818 Alto Shaam : Merger Driven ChefLinc Changes,3.5,752.5,7/3/2024
4818 Alto Shaam : Merger Driven ChefLinc Changes,5,1075,6/7/2024
4818 Alto Shaam : Merger Driven ChefLinc Changes,6.5,1397.5,6/5/2024
4818 Alto Shaam : Merger Driven ChefLinc Changes,6.5,1393.75,6/18/2024
4818 Alto Shaam : Merger Driven ChefLinc Changes,0.25,50,6/20/2024
4818 Alto Shaam : Merger Driven ChefLinc Changes,4.75,1021.25,6/19/2024
4818 Alto Shaam : Merger Driven ChefLinc Changes,3,626.25,6/24/2024
4818 Alto Shaam : Merger Driven ChefLinc Changes,6,1286.25,6/25/2024
4818 Alto Shaam : Merger Driven ChefLinc Changes,4,860,6/28/2024
4818 Alto Shaam : Merger Driven ChefLinc Changes,4,847.5,7/10/2024
4818 Alto Shaam : Merger Driven ChefLinc Changes,6.75,1447.5,5/17/2024
4818 Alto Shaam : Merger Driven ChefLinc Changes,0.25,50,5/29/2024
4818 Alto Shaam : Merger Driven ChefLinc Changes,4.25,913.75,5/20/2024
4818 Alto Shaam : Merger Driven ChefLinc Changes,4.25,913.75,5/22/2024
4818 Alto Shaam : Merger Driven ChefLinc Changes,7,1501.25,6/27/2024
4818 Alto Shaam : Merger Driven ChefLinc Changes,4.75,1021.25,6/14/2024
4818 Alto Shaam : Merger Driven ChefLinc Changes,4.75,1013.75,5/7/2024
4818 Alto Shaam : Merger Driven ChefLinc Changes,6.25,1340,5/30/2024
4818 Alto Shaam : Merger Driven ChefLinc Changes,7.5,1612.5,5/31/2024
4818 Alto Shaam : Merger Driven ChefLinc Changes,6.25,1343.75,6/26/2024
4818 Alto Shaam : Merger Driven ChefLinc Changes,4.75,1021.25,6/3/2024
4818 Alto Shaam : Merger Driven ChefLinc Changes,4.75,1021.25,6/10/2024
4818 Alto Shaam : Merger Driven ChefLinc Changes,6.75,1447.5,5/14/2024
4818 Alto Shaam : Merger Driven ChefLinc Changes,5.5,1178.75,5/24/2024
4818 Alto Shaam : Merger Driven ChefLinc Changes,1.75,372.5,6/13/2024
4818 Alto Shaam : Merger Driven ChefLinc Changes,3.5,752.5,6/12/2024
4818 Alto Shaam : Merger Driven ChefLinc Changes,1.25,268.75,7/12/2024
4818 Alto Shaam : Merger Driven ChefLinc Changes,2.25,483.75,5/13/2024
4818 Alto Shaam : Merger Driven ChefLinc Changes,1.25,268.75,5/15/2024
4818 Alto Shaam : Merger Driven ChefLinc Changes,4,835,5/8/2024
4818 Alto Shaam : Merger Driven ChefLinc Changes,5.5,1178.75,5/21/2024
4834 Alto Shaam : ChefLinc Penetration Testing,1,190,6/10/2024
4834 Alto Shaam : ChefLinc Penetration Testing,0.5,95,6/18/2024
4834 Alto Shaam : ChefLinc Penetration Testing,1.75,332.5,6/14/2024
4836 Enovation Controls : BRP Global Mapping Data,0.75,161.25,8/21/2024
4836 Enovation Controls : BRP Global Mapping Data,0.25,53.75,7/31/2024
4836 Enovation Controls : BRP Global Mapping Data,6.25,1343.75,7/30/2024
4836 Enovation Controls : BRP Global Mapping Data,4.75,1021.25,8/1/2024
4836 Enovation Controls : BRP Global Mapping Data,5.75,1236.25,7/23/2024
4836 Enovation Controls : BRP Global Mapping Data,2.25,471.25,7/8/2024
4836 Enovation Controls : BRP Global Mapping Data,0.25,47.5,8/5/2024
4836 Enovation Controls : BRP Global Mapping Data,4,860,7/10/2024
4836 Enovation Controls : BRP Global Mapping Data,5.25,1128.75,7/12/2024
4836 Enovation Controls : BRP Global Mapping Data,4.5,967.5,7/11/2024
4836 Enovation Controls : BRP Global Mapping Data,1,190,9/5/2024
4836 Enovation Controls : BRP Global Mapping Data,7.25,1552.5,7/22/2024
4836 Enovation Controls : BRP Global Mapping Data,8,1713.75,7/18/2024
4836 Enovation Controls : BRP Global Mapping Data,0.5,67.5,9/11/2024
4836 Enovation Controls : BRP Global Mapping Data,0.75,161.25,9/13/2024
4836 Enovation Controls : BRP Global Mapping Data,0.5,107.5,9/17/2024
4836 Enovation Controls : BRP Global Mapping Data,0.25,47.5,9/4/2024
4836 Enovation Controls : BRP Global Mapping Data,2,430,8/2/2024
4836 Enovation Controls : BRP Global Mapping Data,2.5,537.5,7/26/2024
4836 Enovation Controls : BRP Global Mapping Data,1.5,322.5,10/8/2024
4836 Enovation Controls : BRP Global Mapping Data,5,1075,8/6/2024
4836 Enovation Controls : BRP Global Mapping Data,1,215,8/16/2024
4836 Enovation Controls : BRP Global Mapping Data,0.75,142.5,6/26/2024
4836 Enovation Controls : BRP Global Mapping Data,6.25,1343.75,7/16/2024
4836 Enovation Controls : BRP Global Mapping Data,5.75,1236.25,7/9/2024
4836 Enovation Controls : BRP Global Mapping Data,1.25,268.75,8/29/2024
4836 Enovation Controls : BRP Global Mapping Data,4.75,1015,8/7/2024
4836 Enovation Controls : BRP Global Mapping Data,6.75,1451.25,7/29/2024
4836 Enovation Controls : BRP Global Mapping Data,6.25,1337.5,7/24/2024
4836 Enovation Controls : BRP Global Mapping Data,6.25,1337.5,7/15/2024
4836 Enovation Controls : BRP Global Mapping Data,0.5,107.5,8/28/2024
4836 Enovation Controls : BRP Global Mapping Data,1,135,9/10/2024
4836 Enovation Controls : BRP Global Mapping Data,4.5,967.5,7/25/2024
4836 Enovation Controls : BRP Global Mapping Data,6.5,1397.5,7/19/2024
4848 Alto Shaam : Q3 Improvements,7,1497.5,9/5/2024
4848 Alto Shaam : Q3 Improvements,1.75,357.5,7/30/2024
4848 Alto Shaam : Q3 Improvements,0.25,50,8/1/2024
4848 Alto Shaam : Q3 Improvements,0.5,100,7/16/2024
4848 Alto Shaam : Q3 Improvements,0.25,50,9/12/2024
4848 Alto Shaam : Q3 Improvements,0.25,50,9/24/2024
4848 Alto Shaam : Q3 Improvements,6,1290,9/6/2024
4848 Alto Shaam : Q3 Improvements,3,600,7/17/2024
4848 Alto Shaam : Q3 Improvements,6.25,1340,9/10/2024
4848 Alto Shaam : Q3 Improvements,2.75,591.25,10/21/2024
4848 Alto Shaam : Q3 Improvements,5.5,1178.75,9/16/2024
4848 Alto Shaam : Q3 Improvements,5.75,1232.5,8/8/2024
4848 Alto Shaam : Q3 Improvements,3.25,698.75,8/16/2024
4848 Alto Shaam : Q3 Improvements,4.75,1017.5,8/29/2024
4848 Alto Shaam : Q3 Improvements,0.5,107.5,10/11/2024
4848 Alto Shaam : Q3 Improvements,2,430,10/28/2024
4848 Alto Shaam : Q3 Improvements,2.25,483.75,10/30/2024
4848 Alto Shaam : Q3 Improvements,0.5,100,9/19/2024
4848 Alto Shaam : Q3 Improvements,4.25,913.75,8/26/2024
4848 Alto Shaam : Q3 Improvements,4,852.5,8/15/2024
4848 Alto Shaam : Q3 Improvements,6,1290,8/9/2024
4848 Alto Shaam : Q3 Improvements,4.5,967.5,8/14/2024
4848 Alto Shaam : Q3 Improvements,3.5,752.5,8/2/2024
4848 Alto Shaam : Q3 Improvements,5.5,1182.5,9/17/2024
4848 Alto Shaam : Q3 Improvements,2.75,387.5,9/3/2024
4848 Alto Shaam : Q3 Improvements,6.5,1397.5,8/20/2024
4848 Alto Shaam : Q3 Improvements,0.25,50,8/21/2024
4848 Alto Shaam : Q3 Improvements,5.5,1182.5,7/31/2024
4848 Alto Shaam : Q3 Improvements,3,645,7/26/2024
4848 Alto Shaam : Q3 Improvements,0.5,100,7/19/2024
4848 Alto Shaam : Q3 Improvements,0.25,50,9/26/2024
4848 Alto Shaam : Q3 Improvements,2.5,533.75,8/28/2024
4848 Alto Shaam : Q3 Improvements,3,645,8/27/2024
4848 Alto Shaam : Q3 Improvements,4,860,8/30/2024
4848 Alto Shaam : Q3 Improvements,0.25,53.75,10/29/2024
4849 Alto Shaam : Security Compliance Changes,5,1075,9/20/2024
4849 Alto Shaam : Security Compliance Changes,5.75,1232.5,10/15/2024
4849 Alto Shaam : Security Compliance Changes,5.5,1182.5,10/14/2024
4849 Alto Shaam : Security Compliance Changes,3,645,12/3/2024
4849 Alto Shaam : Security Compliance Changes,2.25,483.75,10/23/2024
4849 Alto Shaam : Security Compliance Changes,0.5,107.5,9/16/2024
4849 Alto Shaam : Security Compliance Changes,5,1075,10/1/2024
4849 Alto Shaam : Security Compliance Changes,4,860,10/9/2024
4849 Alto Shaam : Security Compliance Changes,6,1290,9/13/2024
4849 Alto Shaam : Security Compliance Changes,5.75,1232.5,10/29/2024
4849 Alto Shaam : Security Compliance Changes,5.25,1125,10/31/2024
4849 Alto Shaam : Security Compliance Changes,5.75,1236.25,9/26/2024
4849 Alto Shaam : Security Compliance Changes,6.75,1451.25,9/18/2024
4849 Alto Shaam : Security Compliance Changes,8,1720,8/5/2024
4849 Alto Shaam : Security Compliance Changes,2.25,483.75,10/2/2024
4849 Alto Shaam : Security Compliance Changes,2,430,10/28/2024
4849 Alto Shaam : Security Compliance Changes,1.5,322.5,11/11/2024
4849 Alto Shaam : Security Compliance Changes,1,215,11/12/2024
4849 Alto Shaam : Security Compliance Changes,7.75,1666.25,9/23/2024
4849 Alto Shaam : Security Compliance Changes,4.75,1021.25,9/19/2024
4849 Alto Shaam : Security Compliance Changes,4.25,910,11/7/2024
4849 Alto Shaam : Security Compliance Changes,4.5,937.5,11/8/2024
4849 Alto Shaam : Security Compliance Changes,2,430,8/1/2024
4849 Alto Shaam : Security Compliance Changes,4.25,910,10/8/2024
4849 Alto Shaam : Security Compliance Changes,7,1505,9/11/2024
4849 Alto Shaam : Security Compliance Changes,7.75,1666.25,9/12/2024
4849 Alto Shaam : Security Compliance Changes,6,1290,10/30/2024
4849 Alto Shaam : Security Compliance Changes,4.5,963.75,10/17/2024
4849 Alto Shaam : Security Compliance Changes,4.25,913.75,10/18/2024
4849 Alto Shaam : Security Compliance Changes,3.5,752.5,12/2/2024
4849 Alto Shaam : Security Compliance Changes,3,645,12/6/2024
4849 Alto Shaam : Security Compliance Changes,4.5,967.5,10/25/2024
4849 Alto Shaam : Security Compliance Changes,3.25,617.5,8/19/2024
4849 Alto Shaam : Security Compliance Changes,7.25,1555,10/10/2024
4849 Alto Shaam : Security Compliance Changes,6.75,1451.25,10/3/2024
4849 Alto Shaam : Security Compliance Changes,4.25,913.75,9/30/2024
4849 Alto Shaam : Security Compliance Changes,5.75,1228.75,10/16/2024
4849 Alto Shaam : Security Compliance Changes,1.5,322.5,9/27/2024
4849 Alto Shaam : Security Compliance Changes,3.5,736.25,10/24/2024
4849 Alto Shaam : Security Compliance Changes,6.5,1397.5,11/6/2024
4849 Alto Shaam : Security Compliance Changes,6,1290,9/4/2024
4849 Alto Shaam : Security Compliance Changes,6,1290,8/21/2024
4849 Alto Shaam : Security Compliance Changes,5.5,1182.5,10/4/2024
4849 Alto Shaam : Security Compliance Changes,7.75,1666.25,9/24/2024
4849 Alto Shaam : Security Compliance Changes,2.5,537.5,11/22/2024
4849 Alto Shaam : Security Compliance Changes,0.5,107.5,7/31/2024
4849 Alto Shaam : Security Compliance Changes,5.25,1128.75,10/11/2024
4849 Alto Shaam : Security Compliance Changes,6.5,1393.75,10/22/2024
4849 Alto Shaam : Security Compliance Changes,4.5,967.5,10/21/2024
4849 Alto Shaam : Security Compliance Changes,1.5,322.5,11/5/2024
4849 Alto Shaam : Security Compliance Changes,4.5,967.5,10/7/2024
4868 Enovation Controls : No Roads Expanded Release,0.75,161.25,9/16/2024
4886 Lohman Technologies : Lohman Invoicing Support,1.5,202.5,11/5/2024
4886 Lohman Technologies : Lohman Invoicing Support,0.75,101.25,10/10/2024
4886 Lohman Technologies : Lohman Invoicing Support,0.25,33.75,10/11/2024
4886 Lohman Technologies : Lohman Invoicing Support,1.75,236.25,10/30/2024
4886 Lohman Technologies : Lohman Invoicing Support,1.5,202.5,11/27/2024
4886 Lohman Technologies : Lohman Invoicing Support,0.25,33.75,10/31/2024
4886 Lohman Technologies : Lohman Invoicing Support,1,167.5,11/4/2024
4886 Lohman Technologies : Lohman Invoicing Support,0.5,67.5,11/11/2024
4886 Lohman Technologies : Lohman Invoicing Support,4,540,11/13/2024
4886 Lohman Technologies : Lohman Invoicing Support,0.25,50,11/20/2024
4886 Lohman Technologies : Lohman Invoicing Support,0.75,101.25,10/8/2024
4886 Lohman Technologies : Lohman Invoicing Support,1.25,168.75,10/7/2024
4886 Lohman Technologies : Lohman Invoicing Support,0.5,67.5,11/14/2024
4886 Lohman Technologies : Lohman Invoicing Support,0.75,101.25,10/15/2024
4902 Alto Shaam : Asiago Driven ChefLinc Changes,4.25,910,12/17/2024
4902 Alto Shaam : Asiago Driven ChefLinc Changes,4.5,963.75,12/31/2024
4902 Alto Shaam : Asiago Driven ChefLinc Changes,5.25,1128.75,12/18/2024
4902 Alto Shaam : Asiago Driven ChefLinc Changes,2.75,591.25,12/30/2024
4902 Alto Shaam : Asiago Driven ChefLinc Changes,3.75,806.25,1/2/2025
4902 Alto Shaam : Asiago Driven ChefLinc Changes,4.25,913.75,12/20/2024
4902 Alto Shaam : Asiago Driven ChefLinc Changes,2.5,537.5,1/3/2025
4902 Alto Shaam : Asiago Driven ChefLinc Changes,6,1290,12/19/2024
4905 Alto Shaam : ChefLinc 2025 Enhancements,0.5,100,12/31/2024
4906 Alto Shaam : ChefLinc Break/Fix Production Support - 2025,3,645,1/3/2025
